id,workflow,status,version_binding,evidence,limits
24H-C01,Saved synthetic deck ordinary update reload,CONNECTED VERIFIED,Hosted00d1; browser old308 update action/new header binding,"Existing durable28 deck restores native1/28, completed transcript and empty composer; three screenshots plus lead receipt",All28pixels and full transcript not individually captured; no fresh native-save receipt; no universal session-return claim
24H-C02,Explicit native slide navigation after reload,CONNECTED VERIFIED,Same bounded published update,Rail28 selects Synthetic Cloud Flow; native28/28 and selectedrail28 visible; parent agreement observed,Manual selection only; no automatic generated selection
24H-C03,Bottom intro replay returns saved canvas,CONNECTED VERIFIED,Same bounded published update,Lead observed first chapter; automatic completion restores same slide28 image,"No saved firstscene, successful Skip, allphase or reducedmotion connected proof"
24H-C04,Compact published header placement,CONNECTED VERIFIED,Same bounded published update,Presentation plus before Download/Publish; no top Replay; bottom replay remains,Rendered609x760 and actual accessible label; delivery action functionality not exercised
24H-I01,Thumbnail previews after saved reload,FRONTEND GAP,Existing issue persists on bounded published update,28rail entries reported No preview; visible23–28 have none; native content retained,Root cause/native metadata contract unresolved; not automatically assigned to backend
24H-S01,Audited backend URL missing/malformed refusal and configured contract preservation,SOURCE/ISOLATED VERIFIED,b0fc9b47 exact c394 app blobs,fe0/INTEGRATION-SUCCESSOR-ARCHITECT-REVIEW.md; independent actual mocked call-site reviews,Source/isolated only; local unpublish retains revocation and remote cleanup backlog; signed response upload targets separate
24H-S02,Viewer and published-viewer missing configuration presentation,SOURCE/ISOLATED VERIFIED,b0fc9b47; frozen ReactDOM bundle df438653,Four actual light/dark images and70 exact source inputs; zero fixture iframe/fetch/uncaught page error,Isolated components; not full Builder/Next/native or connected acceptance
24H-S03,Pending session restore across same-scope dependency identity refresh,SOURCE/ISOLATED VERIFIED,b0fc9b47 hook9b696067,fe0/session-successor-independent/REVIEW.md;86 focused cases and meaningful predecessor failure,Deterministic full-hook adapter; not ReactDOM StrictMode or connected incidence; dispatched writes cannot be unsent
24H-S04,Retire stale synchronous Refine after newer Compose,SOURCE/ISOLATED VERIFIED,b0fc9b47 exact accepted efd18bcb selection scope,reviews/SELECTION-LANE-ARCHITECT-REVIEW.md; actual child-to-Page lane sequences and preserved adapters,Source/isolated; current Refine remains count-only refresh; no new generated connected result
24H-S05,Knowledge settings management readiness and access lifetime,SOURCE/ISOLATED VERIFIED,b0fc9b47 exact fc141948 and FE0 consumer binding,reviews/KNOWLEDGE-SUCCESSOR-ARCHITECT-REVIEW.md; management source and actual isolated browser proof,No real purge/consent/import/account test; capabilityfalse/404 remains blocked; default paid graph/server auth preserved
24H-S06,Knowledge graph short-window readability and retained controls,SOURCE/ISOLATED VERIFIED,b0fc9b47 exact fc141948 graph scope,reviews/KNOWLEDGE-SUCCESSOR-ARCHITECT-REVIEW.md;14 root-reviewed images and retained pan/zoom/list/inspector checks,Representative isolated evidence; full Next/full mock not proven; dense labels selective; temporary loading unmount remains
24H-S07,Default-off voice unique current assistant provenance and restored-history refusal,SOURCE/ISOLATED VERIFIED,Public7c0040 exact accepted source; Private8fd4c4a3,reviews/VOICE-SHARED-ARCHITECT-REVIEW.md; actual transport and private restore union checks,Deterministic adapters; no connected ingress/DB/device-audio acceptance; unknown policy refuses
24H-S08,Voice owner retirement and current real question focus; End preserves synthetic build/draft,SOURCE/ISOLATED VERIFIED,Public7c0040 exact accepted source; Private8fd4c4a3; enabled/OFF exact served bundle bindings,Three independent reviews; nine actual isolated ReactDOM images and shared callback checks,Service-disabled synthetic owner/build/media; full Page/router/native and real speech unverified; flags remain off
24H-S09,Voice OFF preserves existing header/chat and creates no voice effects,SOURCE/ISOLATED VERIFIED,Public7c0040 exact accepted source; Private8fd4c4a3; literal gates OFF,Actual shared hook OFF checks; exact predecessor SSR; OFF browser draft/slide-reference preservation,Pure unconditional owner/projection calculations remain; no full connected or activation claim
24H-I02,Interactive voice constrained transcript context,SOURCE/ISOLATED VERIFIED,Public7c0040 exact accepted source; Private0c6175 compact CSS over8fd,reviews/VOICE-COMPACT-ARCHITECT-REVIEW.md;350px/720 transcript46.95→212.56px; real wrapped-choice4px ring retained,Compact allocation correction accepted0c6175 and released7c0040; representative isolated leaf composition only. Full Page/router/connected/device audio/OS/sub560/enlarged-composer coverage remains unverified; voice stays off.
24H-S10,Native duplicate/delete/reorder/layout owner frame and queued publication lifetime,SOURCE/ISOLATED VERIFIED,Public7c0040 exact accepted source; Privateb7518e08 Viewer15e,reviews/NATIVE-CRUD-ARCHITECT-REVIEW.md; actual owner/queued/before-current witnesses,Synthetic scheduling; manual-navigation intent and lower-count/native-order proof separate
24H-S11,Strict Studio CRUD request correlation and once-only reload uncertainty,SOURCE/ISOLATED VERIFIED,Public7c0040 exact accepted source; Privateb7518e08; dated Layouta1b31169 source,Exact bridge/source contract and actual isolated reload-before-ACK result,No live cached-resource compatibility/persistence; no retry/idempotent registry added
24H-S12,Delete confirmation cancellation reopening and guarded cleanup,SOURCE/ISOLATED VERIFIED,Public7c0040 exact accepted source; Privateb7518e08; actual Radix/source and isolatedUI,Current confirmations/refusal/keyboard/render evidence with exact unchanged dialogue source,Unattributed observer error remains; not browser error-free/fullBuilder/native connected proof
24H-I03,Late CRUD selection overrides later manual navigation,SOURCE/ISOLATED VERIFIED,Public7c0040 exact accepted source; Private2fbd Viewer23e,reviews/NATIVE-ADD-NAVIGATION-ARCHITECT-REVIEW.md; exact before/current callbacks; held Add actual rail1 preserved,Later explicit parent intent only; native internal keyboard/current resource/live count and order unproven; duplicate browser positive incomplete
24H-S13,Native Add frame admission queued publication and thumbnail revision authority,SOURCE/ISOLATED VERIFIED,Public7c0040 exact accepted source; Private2fbd Viewer23e,reviews/native-add-owner-independent/REPORT.md; meaningful before failures and59 plus1 narrow groups,Observed frame/source/Window ABA only; no new stale dispatch but existing timers may finish; no recovery of lost previews
24H-S14,Add recovery and picker settlement preserve one mutation,SOURCE/ISOLATED VERIFIED,Public7c0040 exact accepted source; Private2fbd Viewer23e; exact unchanged picker and helper,reviews/native-add-contract-independent/REPORT.md; six actual picker-to-Add schedules; saved retired ACK shows released Add,Transient Check slide result only contemporaneous Builder observation; no saved visual toast; no connected/native registry durability
24H-S15,Knowledge same-owner temporary access-check presentation continuity,SOURCE/ISOLATED VERIFIED,Public67d005 exact accepted source; Private3294b509; public7c0040 bases exact,reviews/KNOWLEDGE-PENDING-ARCHITECT-REVIEW.md; actual Page/hook/Graph before/current map and StrictMode list,Private UI unmounted while pending; logical transform/map-list only; no scroll/focus/Inspector-tab/intro/full-router or connected proof
24H-S16,Knowledge retired presentation holder and named selection callbacks,SOURCE/ISOLATED VERIFIED,Public67d005 exact accepted source; Private3294b509; exact two app blobs,Actual removed callback before1/current0 detail requests;11 mounted boundary/control observations and independent source checks,Observed account/resolved access loss only; never-resolved entitlement ABA source-only; inline setters outside new guarantee; no server cancellation
24H-S17,Ordinary whole-box AI without range with strict current HTML confirmation,SOURCE/ISOLATED VERIFIED,Public67d005 exact accepted source; Private73a4000 helper6273; base public7c0040,reviews/WHOLE-BOX-AI-ARCHITECT-REVIEW.md; native exact-source helper/contract before/current and synthetic DOM bridge,Actual observed HTML only; no native cancellation/current resource/causal or durable proof; exact serialization may refuse
24H-S18,Whole-box prompt tone style and newer draft preservation,SOURCE/ISOLATED VERIFIED,Public67d005 exact accepted source; Private73a4000 Inspector8687; final palette marker separately bound,15 current actual ReactDOM leaf cases;3 predecessor witnesses; seven actual images and DOM receipts,Synthetic/inert leaf evidence; Page not mounted; observer error unattributed; no full-app or connected effect
24H-S19,Whole-box Page post-await owner retirement and fixed uncertainty notice,SOURCE/ISOLATED VERIFIED,Public67d005 exact accepted source; Private73a4000 Page6308,reviews/whole-box-owner-independent/REPORT.md;7 actual Page chain groups and preserved guards,Actual callbacks not mounted Page/router scheduling; dispatched native work may still complete; no automatic retry or server cancellation
24H-S20,Narrow fresh Studio Stage and unsent Chat draft,SOURCE/ISOLATED VERIFIED,Public4457 exact accepted four-file source; Privatea692 plus doc0fda,reviews/RESPONSIVE-WORKSPACE-ARCHITECT-REVIEW.md; Actual390x844 before hidden0x0 to visible330x784; exact draft return,Empty Stage no iframe; synthetic Page; no connected initial-state proof
24H-S21,Short-window transcript and full composer reachability,SOURCE/ISOLATED VERIFIED,Public4457 exact accepted four-file source; Privatea692 plus doc0fda,reviews/RESPONSIVE-WORKSPACE-ARCHITECT-REVIEW.md; Actual1280x620 transcript0 to160px under five fixture files/pending reply/long draft; initial keyboard reach and aggregate scrolling,PageUp later moves focus below viewport; non-atomic scroll read; not uninterrupted focus visibility
24H-S22,Inline slide picker placement and no-send keyboard selection,SOURCE/ISOLATED VERIFIED,Public4457 exact accepted four-file source; Privatea692 plus doc0fda,reviews/RESPONSIVE-WORKSPACE-ARCHITECT-REVIEW.md; Actual full-Page picker bounds and Enter/Tab/pointer retain draft/focus with zero paired synthetic outbound ledger,No real Director send; handlers/classic preserved at source
24H-S23,Narrow pane drafts and mounted synthetic slide continuity,SOURCE/ISOLATED VERIFIED,Public4457 exact accepted four-file source; Privatea692 plus doc0fda,reviews/RESPONSIVE-WORKSPACE-ARCHITECT-REVIEW.md; Separate Director/slide-prompt and Director/Format prompt sequences; native192x108/pan; header/notes/Format reachability,Distinct synthetic native Documents; no real-native/causal/durable proof; final desktop1280x720 only
24H-I04,Narrow welcome artwork guidance clipping,FRONTEND GAP,Public4457 exact accepted four-file source; Privatea692 plus doc0fda,reviews/RESPONSIVE-WORKSPACE-ARCHITECT-REVIEW.md; Final390px welcome lower guidance visibly clips; unchanged internal specimen constraints,Compact allocation correction accepted0232; actual390 AFTER remains unverified because supported viewport controls timed out; full artwork parity remains open
24H-S24,Owned final selection and workflow through admitted late blank frames,SOURCE/ISOLATED VERIFIED,Publicabb4e2cf exact0232 source plus doc-only40985; source/isolated evidence,reviews/LIFECYCLE-COMPOSITION-ARCHITECT-REVIEW.md; actual Page before/current and18/30 updater groups,Rejected/missing legacy URL structure gap inherited; queued React ABA and connected restore unproved
24H-S25,Initial approval partial final error and explicit blank/reset presentation,SOURCE/ISOLATED VERIFIED,Publicabb4e2cf exact0232 source plus doc-only40985; source/isolated evidence,reviews/LIFECYCLE-COMPOSITION-ARCHITECT-REVIEW.md; real controls with synthetic admitted frames,No real generation/durable/fullNext return; route refusal and reconnect error retained
24H-S26,Welcome specimen at constrained allocation,SOURCE/ISOLATED VERIFIED,Publicabb4e2cf exact0232 source plus doc-only40985; source/isolated evidence,Primary saved509.609375px card and separate later428px at1280x720; both24px guidance/footer gap,Successive JSON/PNG not atomic; no390 AFTER; native iframe unrelated
24H-S27,Missing or rejected legacy blank structural admission,SOURCE/ISOLATED VERIFIED,Public 2ac53603 exact 70e6 source; source/isolated evidence,reviews/BLANK-FRAME-ADMISSION-ARCHITECT-REVIEW.md; actual updater predecessor/current and saved Page probes,Raw history retained; session-title metadata still updates; no backend or durable proof
24H-S28,Retired queued socket publication and identity cache refusal,SOURCE/ISOLATED VERIFIED,Public 2ac53603 exact 70e6 source; source/isolated evidence,13/15 admission and9/11 queued callback groups plus narrow actualonmessage lifetime witness,Explicit queue adapters; not React scheduler/StrictMode/productionABA; earlier callbacks and timers cannot be cancelled
24H-S29,Studio automatic blank presentation with genuine approval preserved,SOURCE/ISOLATED VERIFIED,Public 2ac53603 exact 70e6 source; source/isolated evidence,14+14 renderer and3+3 history/4preservation; eleven actual Page observations and original approval outbound options,Established exact boolean discriminator; raw history unchanged; synthetic auth/router/Director/native; no fullNext/live cause
24H-S30,Automatic blank session-title/ref admission in main and fallback effects,SOURCE/ISOLATED VERIFIED,Public 5f714b12 exact a37edaef hook; source/isolated evidence,17+17 actual effect and 14+14 queue/history groups; seven actual Page states and exact request ledger,Already-issued PATCH cannot be canceled; historical placeholder titles not repaired; no React/auth/session scheduling or durable proof
24H-S31,Raw history and authored/first-user naming preservation,SOURCE/ISOLATED VERIFIED,Public 5f714b12 exact a37edaef hook; source/isolated evidence,Three complete blank-message POSTs without title PATCH; authored title PATCH plus normal metadata and raw authored save; actual client/API checks,Synthetic provider/storage; sanitized ingress URLs; no rename UI or connected save/reopen acceptance
24H-S32,Element generation native frame ownership and replaced-viewer refusal,SOURCE/ISOLATED VERIFIED,"Accepted dd86663e with Page86852/Viewer519b/hookd26; released public cd998931 / READY dpl_2f75, exact static version verified03:09:52UTC",reviews/ELEMENT-DISPATCH-SUCCESSOR-ARCHITECT-REVIEW.md; actual held Label/Structured source witnesses and11 prior-version component images,"Prior images execute hook5ab, unchanged controls/Viewer; explicit service/native adapters; no successor render/full Page/connected/native effect/save proof"
24H-S33,Retired diagram service recovery and newer ambiguous retry identity,SOURCE/ISOLATED VERIFIED,"Accepted dd86663e exact hookd26; released public cd998931 / READY dpl_2f75, exact static version verified03:09:52UTC",Independent exact predecessor/current extraPOST1to0 and wrongattempt6to12 to preserved6to6; current-owner one-fresh positive and Classic policies preserved,Source/isolated synchronous adapters; reserved entry may remain; already-dispatched work cannot be unsent; no real producer/durable proof
24H-S34,Studio composer labels and original action/draft preservation,SOURCE/ISOLATED VERIFIED,"Accepted1e49aa46; released public725bc5 / READY dpl_5WKF, exact static version verified04:01:02UTC",reviews/COMPOSER-LABEL-ARCHITECT-REVIEW.md; exact before/current Classic SSR and21 actual keyboard/menu images,Original leaf-only scope retained; additive b24 actual-Page Research dark/light description spacing and Escape observed in PARTIAL-STAGE-GALLERY; no physical hover/full geometry/narrow-after/current-public/connected proof
24H-S35,Intelligence brief and Undo owner retirement with same-owner pending preservation,SOURCE/ISOLATED VERIFIED,"Accepted e8059b52 plus metadata-only e23849; five app files released public725bc5 / READY dpl_5WKF, exact static version verified04:01:02UTC",reviews/PERSONAL-OWNER-ARCHITECT-REVIEW.md; exact leaves and meaningful before/current synthetic mounts,No full Next/provider/connected persistence/payment/current-public proof; dispatched writes cannot be undone
24H-S36,Profile response draft and refresh-only recovery ownership,SOURCE/ISOLATED VERIFIED,"Accepted e8059b52 plus metadata-only e23849; five app files released public725bc5 / READY dpl_5WKF, exact static version verified04:01:02UTC",reviews/PERSONAL-OWNER-ARCHITECT-REVIEW.md; exact leaves and meaningful before/current synthetic mounts,No full Next/provider/connected persistence/payment/current-public proof; dispatched writes cannot be undone
24H-S37,Billing owned reads and delayed redirect retirement,SOURCE/ISOLATED VERIFIED,"Accepted e8059b52 plus metadata-only e23849; five app files released public725bc5 / READY dpl_5WKF, exact static version verified04:01:02UTC",reviews/PERSONAL-OWNER-ARCHITECT-REVIEW.md; exact leaves and meaningful before/current synthetic mounts,No full Next/provider/connected persistence/payment/current-public proof; dispatched writes cannot be undone
24H-S38,Billing honest unavailable metric scope and checkout return,SOURCE/ISOLATED VERIFIED,"Accepted e8059b52 plus metadata-only e23849; five app files released public725bc5 / READY dpl_5WKF, exact static version verified04:01:02UTC",reviews/PERSONAL-OWNER-ARCHITECT-REVIEW.md; exact leaves and meaningful before/current synthetic mounts,No full Next/provider/connected persistence/payment/current-public proof; dispatched writes cannot be undone
24H-S39,Saved-theme exact-target Delete Keep and read-only refresh recovery,SOURCE/ISOLATED VERIFIED,Accepted92cc/2efa; released publicc9732415 READYdpl_2YnA79; exact static version04:34:35UTC,reviews/LIBRARY-EXPLORATION-ARCHITECT-REVIEW.md; source before/current and qualified mounted confirmation/refusal/refresh/retirement,No connected deletion/durability; status-only ACK and well-formed normalized list assumption; full AppLayout absent
24H-S40,Knowledge expanded exploration focus continuity and access retirement,SOURCE/ISOLATED VERIFIED,Accepted92cc/2efa; released publicc9732415 READYdpl_2YnA79; exact static version04:34:35UTC,reviews/LIBRARY-EXPLORATION-ARCHITECT-REVIEW.md; current graph refs transform Inspector filter and Return/Escape observations,Synthetic providers/header; no full Next/connected/current-public; short graph labels not all simultaneously visible
24H-S41,Safe current partial deck admission and explicit version-choice preservation,SOURCE/ISOLATED VERIFIED,Accepted519db72a; exact five-file chain releaseddd30c990 READYdpl_4MkAF8SA at04:56:39UTC,reviews/PARTIAL-STAGE-ARCHITECT-REVIEW.md; actual-source before/current checks and qualified complete-Page images,No real producer/native dirty-save release/count-order/durable/Next/connected proof; inherited clipping/resources and observer error remain
24H-S42,Honest unknown partial slide total without native count mutation,SOURCE/ISOLATED VERIFIED,Acceptedb24a8ef9; Viewer exact indd30c990,reviews/PARTIAL-STAGE-FOOTER-ARCHITECT-REVIEW.md; predecessor2/1 failure current2/— source and actual Page AX then2/2,Immediate dash AX-only; settled footer image not legible; synthetic readback not native count/order/save authority
24H-S43,Current version-menu callback and qualified phase presentation,SOURCE/ISOLATED VERIFIED,Accepted 4b1/a233 plus doc-only ad9; three blobs released f9fe9618 READYdpl_7SYJL93q exact static version05:35:53UTC,reviews/REMAINING-WITNESSES-ARCHITECT-REVIEW.md,"Current 4b1 Page; predecessor/final observed menu; Pause Resume Stop synthetic ACKs. Reused error predecessor, no OS reduced-motion test; no current native/durable/connected proof."
24H-S44,Knowledge immersive view above actual surrounding shell,SOURCE/ISOLATED VERIFIED,Accepted 4b1/a233 plus doc-only ad9; three blobs released f9fe9618 READYdpl_7SYJL93q exact static version05:35:53UTC,reviews/SURROUNDING-COMPOSITION-ARCHITECT-REVIEW.md,In-place access focus transform and conditional CSS stacking; short graph readability remains open. Framework/provider replacements; no full Next/current public proof.
24H-S45,Account-menu quota current observed owner and request lifetime,SOURCE/ISOLATED VERIFIED,Accepted 4b1/a233 plus doc-only ad9; three blobs released f9fe9618 READYdpl_7SYJL93q exact static version05:35:53UTC,reviews/SURROUNDING-COMPOSITION-ARCHITECT-REVIEW.md,"Actual held responses and owned positive; no owner echo or cancellation, concurrent provider/account or connected claim."
24H-S46,Account-menu Usage Upgrade keyboard collection and Home End,SOURCE/ISOLATED VERIFIED,Accepted 4b1/a233 plus doc-only ad9; three blobs released f9fe9618 READYdpl_7SYJL93q exact static version05:35:53UTC,reviews/SURROUNDING-COMPOSITION-ARCHITECT-REVIEW.md,"Actual Arrow Enter Space Escape pointer and doc-only ad9 Home End; preserved callers/options, no payment/logout/connected action."
24H-S47,Pane-width composer draft sizing and Research keyboard,SOURCE/ISOLATED VERIFIED,"Accepted1171/b37 ande379 at root10ca; exact five blobs released7176118 READYdpl_6hHF, static version06:37:54UTC",reviews/QA-READ-HONESTY-ARCHITECT-REVIEW.md; reviews/LOCAL-WITNESS-FOLLOWTHROUGH-ARCHITECT-REVIEW.md,Fixed1280x720 pane and final fresh-state Research cohort; no physical-hover/current-public/fullNext proof. eff85 keyboard separator focus/draft and304→328→304/120→180→96→120 accepted; no physical-hover or narrow proof.
24H-S48,Script recording callback current owner and lifetime,SOURCE/ISOLATED VERIFIED,"Accepted1171/b37 ande379 at root10ca; exact five blobs released7176118 READYdpl_6hHF, static version06:37:54UTC",reviews/QA-READ-HONESTY-ARCHITECT-REVIEW.md; reviews/LOCAL-WITNESS-PARTIAL-ARCHITECT-REVIEW.md (385a/ed933 saved native Script caret/scroll),"Positive native scroll/caret with unchanged1754-character draft at1280x720; clientHeight151→117, up ends14.5 not0. Prior PageUp0→0 remains nonproof. No recording/script PATCH/save/durability/current-public claim."
24H-S49,Q&A honest read recovery and confirmed draft preservation,SOURCE/ISOLATED VERIFIED,"Accepted1171/b37 ande379 at root10ca; exact five blobs released7176118 READYdpl_6hHF, static version06:37:54UTC",reviews/QA-READ-HONESTY-ARCHITECT-REVIEW.md; reviews/LOCAL-WITNESS-PARTIAL-ARCHITECT-REVIEW.md (385a/ed933 mounted malformed read and retained draft AFTER),"QA0b41 leaf exact in public717, but complete fixture uses held Publish5f6. Same-slug row/badge7/multiline draft survive invalid Refresh/recovery. No answer write, normal provider/concurrency/current-public/durability; absent-record mounted branch unproved."
24H-S50,Knowledge readable short immersive map with deliberate scrolling,SOURCE/ISOLATED VERIFIED,"Accepted1171/b37 ande379 at root10ca; exact five blobs released7176118 READYdpl_6hHF, static version06:37:54UTC",reviews/KNOWLEDGE-THEME-ARCHITECT-REVIEW.md,Actual bounded1280x420/800 and390x540 composition with synthetic providers; not every label/device or hosted proof.
24H-S51,Independent local palette and token bulk resets,SOURCE/ISOLATED VERIFIED,"Accepted1171/b37 ande379 at root10ca; exact five blobs released7176118 READYdpl_6hHF, static version06:37:54UTC",reviews/KNOWLEDGE-THEME-ARCHITECT-REVIEW.md,Canonical local draft only; preserved fields and observed retirement; no saved-theme/deck/service mutation or downstream resolution.
24H-S52,Sharing AllowPDF exact refusal and honest rollback notice,SOURCE/ISOLATED VERIFIED,Evidence-only385a/ed933 at global Publish5f6; no product release or acceptance of held Publish,reviews/LOCAL-WITNESS-PARTIAL-ARCHITECT-REVIEW.md; complete151-attempt synthetic ledger has150GET and one exact allowPdf:true PATCH with in-memory503; notice image and AX rollback,No connected publish/download/reader/enforcement. Switch obscured in image; rollback is AX/source. Laterf3b6 lifetime correction accepted separately; original ledger not rerun.
24H-S53,Studio saved Viewer summary and independent tool eligibility lifetimes,SOURCE/ISOLATED VERIFIED,Exactf3b6 three app files public5bb94a03e992bce5b6e60f76f2d242080d6cea3b,reviews/PUBLISH-TOOL-RETIREMENT-ARCHITECT-REVIEW.md; PUBLISH-THEME-PANE-DELIVERY.md,"Controlled actual source callbacks plus original5f6 unchanged UI reuse; no finalf3ff management browser, normal provider/concurrency, snapshot/media, reader/enforcement/currentpublic/connected/durable proof."
24H-S54,Theme current Apply observed timeout and explicit failed Retry,SOURCE/ISOLATED VERIFIED,Evidence-onlyeff85/04e; unchanged owned Page/Theme at preparedglobal5f6,reviews/LOCAL-WITNESS-FOLLOWTHROUGH-ARCHITECT-REVIEW.md,"Observed65,239ms not exact20s firing; retainedVibrant/deliberate freshmatching refusal. Synthetic socket/native and17HTTPattempts incl2metadataPATCH; no native recolor/adoption/durable/connected proof."
24H-S55,Gated saved semantic Blueprint workspace editing and honest recovery,SOURCE/ISOLATED VERIFIED,Exactd460 three leaves public07a9651ee89e0f091b6a300c77341d1fc7650c06; sourcegatea2ad87bdbaf68dd6077814763e402fae19a70115,reviews/TEMPLATE-EDIT-ARCHITECT-REVIEW.md; TEMPLATE-EDIT-DELIVERY.md; TEMPLATE-EDIT-GALLERY.md,Observed synthetic field-preservation/retirement and ordinary-input/keyboard; prior disabledCSS and End diagnostics qualified. Focused compiler two generated bytes absent and mixed Atlas closure; later cloud build pass. No activation/currentpublic/normal-provider/connected/durable/native handoff proof.
24H-S56,Existing optional Director call action hints,SOURCE/ISOLATED VERIFIED,Exact96bc DirectorCall809aba accepted; released5a501eb1c9116d228cafe7a6b649e2d59d3d0cda,reviews/CURRENT-COMPLETENESS-ARCHITECT-REVIEW.md; SHELL-HINTS-DELIVERY.md,"Actual source/React SSR preservation and saved typing only; no new physical hover/focus/portal/Escape or image, activation/provider/device/currentpublic/connected proof."
24H-S57,Notifications and Privacy current readiness and request lifetime,SOURCE/ISOLATED VERIFIED,Exactb21 two leaves accepted; released5a501eb1c9116d228cafe7a6b649e2d59d3d0cda,reviews/REMAINING-SHELL-ARCHITECT-REVIEW.md; SHELL-HINTS-DELIVERY.md; reviews/PROFILE-LOCAL-WITNESS-ARCHITECT-REVIEW.md; PROFILE-LOCAL-WITNESS-GALLERY.md,"Synthetic mounted candidate, source-only ownerABA/effect reconnect; uncertainty/manualGET preserved; issued writes cannot be unsent. No normal provider/durable/connected proof. Later665 separately awaited synthetic ownerA/B/freshA actual proof accepted; effect reconnect and normal-provider/durable remain unproved."
24H-S58,Details short sample and ordinary focus/scroll presentation,SOURCE/ISOLATED VERIFIED,Exactb21 Details leaf and scoped CSS accepted; released5a501eb1c9116d228cafe7a6b649e2d59d3d0cda,reviews/REMAINING-SHELL-ARCHITECT-REVIEW.md; REMAINING-SHELL-GALLERY.md; SHELL-HINTS-DELIVERY.md,"Separate controlled samples, native Tab/typing and wheel evidence. Before other leaves reused; no simultaneous all-pane/fullNext/currentpublic/native handoff/default persistence proof."
24H-S59,Existing introduction Restart prompt hint,SOURCE/ISOLATED VERIFIED,Exactf758 Intro7b0b source/SSR accepted; released5a501eb1c9116d228cafe7a6b649e2d59d3d0cda,reviews/INTRO-RESTART-HINT-ARCHITECT-REVIEW.md; SHELL-HINTS-DELIVERY.md,No new physical hover/focus/portal/timing/browser image. Original lifecycle preserved; no runtime workaround/currentpublic/connected proof.
24H-S60,Profile ordinary focused controls and natural scroll,SOURCE/ISOLATED VERIFIED,Exact66532e7c Profile cf665 accepted and released dbfa9846a679e39a694cabf5404257c634683fc3,reviews/PROFILE-LOCAL-WITNESS-ARCHITECT-REVIEW.md; PROFILE-LOCAL-WITNESS-GALLERY.md; PROFILE-LOCAL-WITNESS-DELIVERY.md,"Three settled before crop groups→zero final; original account operations byte-preserved. Synthetic actual composition, no Save/avatar/normal-provider/currentpublic/connected/durable proof."
24H-S61,Decks held initial refused append and Delete Cancel observations,SOURCE/ISOLATED VERIFIED,Evidence-only665 on exact copiedb21 source,reviews/PROFILE-LOCAL-WITNESS-ARCHITECT-REVIEW.md; PROFILE-LOCAL-WITNESS-GALLERY.md,ManualGET sameoffset100 retains rows/query/view/tab; no DELETE/navigation. Separate settled Search/Retry visibility remains active; count-text harness failure preserved.
24H-S62,Details device-local PNG logo lifecycle and readable refusal,SOURCE/ISOLATED VERIFIED,Evidence-only665 on exact copiedb21 Details source,reviews/PROFILE-LOCAL-WITNESS-ARCHITECT-REVIEW.md; PROFILE-LOCAL-WITNESS-GALLERY.md,"NativePNG/File/objectURL5create5revoke, new syntheticdocumentblobpermission only; rawstaticheaderstricter, noHTTPblobbody/deployedpolicy/upload/defaultsproof. JPEG/WebP/obsoleteerrorrace sourceonly."
24H-S63,Decks Cancel Search outline and manual Retry reachability,SOURCE/ISOLATED VERIFIED,Exact4301 CSSbf599 accepted and released 7e551a2dc54f009044a016b27bdf760dc1fc0196,reviews/DECKS-FOCUS-ARCHITECT-REVIEW.md; DECKS-FOCUS-GALLERY.md; DECKS-FOCUS-DELIVERY.md,Two interactions/three sizes. Actual original Search ring-4→2; unchanged Retry native/wheel/directpointer sameoffset100 GET; no deletion/navigation. Older Intro/Profile retained in isolated closure; no currentpublic/connected/durable proof.
